Dataset,Reason
GSE87303-GPL570,Supp is not available
GSE34799-GPL11533,Subscript out of bounds
GSE23888-GPL1261,Sample size is not consistent: 1 - 2
GSE10453-GPL570,Sample size is not consistent: 1 - 0
GSE7776-GPL339,Sample size is not consistent: 1 - 0
GSE7776-GPL340,Sample size is not consistent: 1 - 0
GSE7775-GPL339,Sample size is not consistent: 1 - 0
GSE7775-GPL340,Sample size is not consistent: 1 - 0
GSE928-GPL91,Supp is not available
GSE296147-GPL1261,Supp is not available
GSE106310-GPL6246,CEL file is corrupted
GSE119205-GPL6246,RAW is not available
GSE92320-GPL16686,Sample size is not consistent: 2 - 0
GSE92320-GPL19251,Sample size is not consistent: 2 - 0
GSE92303-GPL1261,Supp is not available
GSE84484-GPL17586,Sample size is not consistent: 2 - 0
GSE84484-GPL17585,Sample size is not consistent: 2 - 0
GSE75252-GPL6246,Sample size is not consistent: 2 - 6
GSE68555-GPL91,Large RAW file
GSE35723-GPL339,CEL file is corrupted
GSE17889-GPL570,Sample size is not consistent: 2 - 6
GSE20064-GPL1261,Subscript out of bounds
GSE33472-GPL1261,Supp is not available
GSE13247-GPL8321,Large RAW file
GSE9312-GPL81,Sample size is not consistent: 2 - 1
GSE5676-GPL1261,Supp is not available
GSE9099-GPL339,Sample size is not consistent: 2 - 0
GSE10519-GPL1261,Supp is not available
GSE6565-GPL97,CEL file is corrupted
GSE4550-GPL96,Supp is not available
GSE3996-GPL96,Supp is not available
GSE6081-GPL1261,Supp is not available
GSE4742-GPL81,Supp is not available
GSE5317-GPL1261,Supp is not available
GSE5229-GPL571,Supp is not available
GSE4627-GPL339,Supp is not available
GSE4243-GPL571,Supp is not available
GSE3229-GPL570,Supp is not available
GSE4869-GPL96,Supp is not available
GSE4100-GPL570,Supp is not available
GSE4462-GPL1261,Supp is not available
GSE3599-GPL339,Supp is not available
GSE3651-GPL81,Supp is not available
GSE3651-GPL82,Supp is not available
GSE3651-GPL83,Supp is not available
GSE3652-GPL81,Supp is not available
GSE3652-GPL82,Supp is not available
GSE3652-GPL83,Supp is not available
GSE4513-GPL32,Supp is not available
GSE2261-GPL339,Supp is not available
GSE4050-GPL1261,Supp is not available
GSE4039-GPL570,Supp is not available
GSE3993-GPL32,Supp is not available
GSE3801-GPL1352,Supp is not available
GSE3555-GPL8300,Supp is not available
GSE3378-GPL97,Supp is not available
GSE3378-GPL96,Supp is not available
GSE2448-GPL96,Supp is not available
GSE2955-GPL339,Supp is not available
GSE2387-GPL571,Supp is not available
GSE3166-GPL96,Supp is not available
GSE2298-GPL570,Supp is not available
GSE2672-GPL570,Supp is not available
GSE2747-GPL339,Supp is not available
GSE1716-GPL96,Supp is not available
GSE1899-GPL81,Supp is not available
GSE2478-GPL570,Supp is not available
GSE2205-GPL81,Supp is not available
GSE2049-GPL91,Supp is not available
GSE2249-GPL339,Supp is not available
GSE1955-GPL96,Supp is not available
GSE693-GPL81,Supp is not available
GSE997-GPL96,Supp is not available
GSE1708-GPL339,Supp is not available
GSE1375-GPL81,Supp is not available
GSE1399-GPL81,Supp is not available
GSE1399-GPL82,Supp is not available
GSE1399-GPL83,Supp is not available
GSE1410-GPL96,Sample size is not consistent: 2 - 1
GSE1277-GPL8300,Supp is not available
GSE951-GPL96,Supp is not available
GSE981-GPL96,Supp is not available
GSE939-GPL96,Supp is not available
GSE567-GPL96,Supp is not available
GSE552-GPL81,Supp is not available
GSE563-GPL81,Supp is not available
GSE552-GPL82,Supp is not available
GSE554-GPL82,Supp is not available
GSE552-GPL83,Supp is not available
GSE555-GPL83,Supp is not available
GSE609-GPL96,Supp is not available
GSE609-GPL8300,Supp is not available
GSE561-GPL81,Supp is not available
GSE561-GPL82,Supp is not available
GSE561-GPL83,Supp is not available
GSE244-GPL8300,Supp is not available
GSE232-GPL8300,Supp is not available
GSE208-GPL8300,Supp is not available
GSE243-GPL8300,Supp is not available
GSE228-GPL8300,Supp is not available
GSE242-GPL8300,Supp is not available
GSE217-GPL8300,Supp is not available
GSE241-GPL8300,Supp is not available
GSE240-GPL8300,Supp is not available
GSE231-GPL8300,Supp is not available
GSE230-GPL8300,Supp is not available
GSE229-GPL8300,Supp is not available
GSE254-GPL8300,Supp is not available
GSE253-GPL8300,Supp is not available
GSE227-GPL8300,Supp is not available
GSE252-GPL8300,Supp is not available
GSE226-GPL8300,Supp is not available
GSE251-GPL8300,Supp is not available
GSE225-GPL8300,Supp is not available
GSE250-GPL8300,Supp is not available
GSE216-GPL8300,Supp is not available
GSE224-GPL8300,Supp is not available
GSE249-GPL8300,Supp is not available
GSE215-GPL8300,Supp is not available
GSE223-GPL8300,Supp is not available
GSE248-GPL8300,Supp is not available
GSE214-GPL8300,Supp is not available
GSE222-GPL8300,Supp is not available
GSE247-GPL8300,Supp is not available
GSE213-GPL8300,Supp is not available
GSE221-GPL8300,Supp is not available
GSE239-GPL8300,Supp is not available
GSE212-GPL8300,Supp is not available
GSE220-GPL8300,Supp is not available
GSE211-GPL8300,Supp is not available
GSE219-GPL8300,Supp is not available
GSE210-GPL8300,Supp is not available
GSE218-GPL8300,Supp is not available
GSE209-GPL8300,Supp is not available
GSE207-GPL8300,Supp is not available
GSE266-GPL8300,Supp is not available
GSE265-GPL8300,Supp is not available
GSE264-GPL8300,Supp is not available
GSE263-GPL8300,Supp is not available
GSE258-GPL8300,Supp is not available
GSE262-GPL8300,Supp is not available
GSE257-GPL8300,Supp is not available
GSE261-GPL8300,Supp is not available
GSE256-GPL8300,Supp is not available
GSE260-GPL8300,Supp is not available
GSE259-GPL8300,Supp is not available
GSE255-GPL8300,Supp is not available
GSE238-GPL8300,Supp is not available
GSE237-GPL8300,Supp is not available
GSE236-GPL8300,Supp is not available
GSE235-GPL8300,Supp is not available
GSE246-GPL8300,Supp is not available
GSE234-GPL8300,Supp is not available
GSE245-GPL8300,Supp is not available
GSE233-GPL8300,Supp is not available
GSE328-GPL81,Supp is not available
GSE329-GPL81,Supp is not available
GSE6368-GPL570,Supp is not available
GSE5778-GPL81,Supp is not available
GSE13586-GPL96,Supp is not available
GSE13586-GPL97,Supp is not available
GSE8173-GPL96,Sample size is not consistent: 3 - 0
GSE3344-GPL8300,Supp is not available
GSE5134-GPL1261,Supp is not available
GSE4915-GPL339,Supp is not available
GSE4915-GPL340,Supp is not available
GSE4178-GPL1261,Supp is not available
GSE2859-GPL96,Supp is not available
GSE2537-GPL81,Supp is not available
GSE2110-GPL96,Supp is not available
GSE1848-GPL96,Supp is not available
GSE1848-GPL97,Supp is not available
GSE1830-GPL339,CEL file is corrupted
GSE1830-GPL340,CEL file is corrupted
GSE805-GPL96,Supp is not available
GSE1470-GPL8300,Supp is not available
GSE1459-GPL339,Supp is not available
GSE782-GPL8300,Supp is not available
GSE1108-GPL32,Supp is not available
GSE1278-GPL8300,Supp is not available
GSE927-GPL81,Supp is not available
GSE557-GPL32,Supp is not available
GSE516-GPL8300,Supp is not available
GSE285-GPL81,Supp is not available
GSE286-GPL81,Supp is not available
GSE287-GPL81,Supp is not available
GSE288-GPL81,Supp is not available
GSE293-GPL81,Supp is not available
GSE294-GPL81,Supp is not available
GSE295-GPL81,Supp is not available
GSE296-GPL81,Supp is not available
GSE289-GPL81,Supp is not available
GSE290-GPL81,Supp is not available
GSE291-GPL81,Supp is not available
GSE292-GPL81,Supp is not available
GSE297-GPL81,Supp is not available
GSE298-GPL81,Supp is not available
GSE299-GPL81,Supp is not available
GSE300-GPL81,Supp is not available
GSE271338-GPL16570,Supp is not available
GSE131952-GPL570,RStudio is stopped
GSE165222-GPL570,Subscript out of bounds
GSE162029-GPL1261,Sample size is not consistent: 4 - 0
GSE54003-GPL16570,RStudio is stopped
GSE115971-GPL1261,RStudio is stopped
GSE100523-GPL23126,Sample size is not consistent: 4 - 12
GSE73613-GPL570,Sample size is not consistent: 4 - 2
GSE70395-GPL6246,Supp is not available
GSE58032-GPL1261,RAW is not available
GSE56903-GPL339,Supp is not available
GSE43097-GPL5175,Sample size is not consistent: 4 - 0
GSE43097-GPL5188,Sample size is not consistent: 4 - 0
GSE52458-GPL10740,RAW is not available
GSE52458-GPL17984,RAW is not available
GSE44744-GPL11533,Subscript out of bounds
GSE35558-GPL8321,Sample size is not consistent: 4 - 10
GSE23905-GPL570,Sample size is not consistent: 4 - 0
GSE18924-GPL1261,Supp is not available
GSE31608-GPL5188,Supp is not available
GSE30459-GPL6246,Sample size is not consistent: 4 - 1
GSE27656-GPL1261,Sample size is not consistent: 4 - 5
GSE14789-GPL571,Supp is not available
GSE6550-GPL570,Sample size is not consistent: 4 - 0
GSE25485-GPL1261,Supp is not available
GSE23821-GPL1261,RStudio is stopped
GSE20978-GPL96,Supp is not available
GSE12239-GPL571,Sample size is not consistent: 4 - 6
GSE12646-GPL570,Large RAW file
GSE5903-GPL571,Supp is not available
GSE11185-GPL570,Sample size is not consistent: 4 - 3
GSE3700-GPL81,Supp is not available
GSE4938-GPL339,Supp is not available
GSE3242-GPL8300,Supp is not available
GSE9586-GPL570,Sample size is not consistent: 4 - 0
GSE8106-GPL81,Supp is not available
GSE5839-GPL96,Sample size is not consistent: 4 - 0
GSE3433-GPL339,Supp is not available
GSE5510-GPL1261,Supp is not available
GSE7084-GPL570,Sample size is not consistent: 4 - 0
GSE5319-GPL339,Supp is not available
GSE5117-GPL96,Supp is not available
GSE5168-GPL96,Supp is not available
GSE5960-GPL81,Supp is not available
GSE5677-GPL1261,Supp is not available
GSE5777-GPL339,Supp is not available
GSE4873-GPL81,Supp is not available
GSE5538-GPL339,Supp is not available
GSE5463-GPL81,Supp is not available
GSE5112-GPL1261,Supp is not available
GSE5113-GPL1261,Supp is not available
GSE5300-GPL339,Supp is not available
GSE5129-GPL339,Supp is not available
GSE3915-GPL339,Supp is not available
GSE4975-GPL96,Supp is not available
GSE4975-GPL97,Supp is not available
GSE2736-GPL81,Supp is not available
GSE2736-GPL82,Supp is not available
GSE2736-GPL83,Supp is not available
GSE4140-GPL339,Supp is not available
GSE3280-GPL570,Supp is not available
GSE4571-GPL96,Supp is not available
GSE4571-GPL97,Supp is not available
GSE4811-GPL1261,Supp is not available
GSE3676-GPL81,Supp is not available
GSE3571-GPL81,Supp is not available
GSE4750-GPL570,Supp is not available
GSE4751-GPL570,Supp is not available
GSE4622-GPL1261,Supp is not available
GSE4630-GPL91,Supp is not available
GSE4109-GPL91,Supp is not available
GSE4549-GPL570,Supp is not available
GSE3609-GPL82,Supp is not available
GSE3609-GPL83,Supp is not available
GSE4267-GPL81,Supp is not available
GSE3994-GPL339,Supp is not available
GSE2558-GPL1261,Supp is not available
GSE3108-GPL81,Supp is not available
GSE3108-GPL82,Supp is not available
GSE3544-GPL81,Supp is not available
GSE3544-GPL82,Supp is not available
GSE2327-GPL570,Supp is not available
GSE3195-GPL339,Supp is not available
GSE3318-GPL339,Supp is not available
GSE2555-GPL570,Sample size is not consistent: 4 - 2
GSE2935-GPL81,Supp is not available
GSE3364-GPL570,Supp is not available
GSE3291-GPL339,Supp is not available
GSE3291-GPL340,Supp is not available
GSE1772-GPL81,Supp is not available
GSE2833-GPL570,Supp is not available
GSE3065-GPL1261,Supp is not available
GSE2705-GPL96,Supp is not available
GSE2992-GPL96,Supp is not available
GSE2130-GPL81,Supp is not available
GSE2676-GPL339,Supp is not available
GSE2668-GPL96,Supp is not available
GSE2230-GPL96,Supp is not available
GSE2451-GPL96,Supp is not available
GSE2522-GPL8300,Supp is not available
GSE2516-GPL81,Supp is not available
GSE2229-GPL339,Supp is not available
GSE2229-GPL340,Supp is not available
GSE1629-GPL96,Supp is not available
GSE2232-GPL96,Supp is not available
GSE2049-GPL8300,Supp is not available
GSE2236-GPL1261,Supp is not available
GSE2202-GPL1261,Supp is not available
GSE2394-GPL81,Sample size is not consistent: 4 - 2
GSE273-GPL81,Supp is not available
GSE1562-GPL8300,Supp is not available
GSE1158-GPL96,Supp is not available
GSE1134-GPL81,Supp is not available
GSE1940-GPL339,Supp is not available
GSE1852-GPL339,Supp is not available
GSE1811-GPL81,Supp is not available
GSE575-GPL32,Supp is not available
GSE1644-GPL96,Supp is not available
GSE1556-GPL81,Supp is not available
GSE1569-GPL81,Supp is not available
GSE1468-GPL81,Supp is not available
GSE1382-GPL339,Supp is not available
GSE1377-GPL96,Supp is not available
GSE937-GPL81,Supp is not available
GSE1011-GPL81,Supp is not available
GSE1081-GPL96,Supp is not available
GSE1928-GPL8300,Sample size is not consistent: 4 - 0
GSE865-GPL81,Supp is not available
GSE611-GPL81,Supp is not available
GSE611-GPL82,Supp is not available
GSE611-GPL83,Supp is not available
GSE570-GPL8300,Supp is not available
GSE438-GPL81,Supp is not available
GSE301-GPL81,Supp is not available
GSE302-GPL81,Supp is not available
GSE303-GPL81,Supp is not available
GSE304-GPL81,Supp is not available
GSE305-GPL81,Supp is not available
GSE306-GPL81,Supp is not available
GSE307-GPL81,Supp is not available
GSE308-GPL81,Supp is not available
GSE309-GPL81,Supp is not available
GSE310-GPL81,Supp is not available
GSE311-GPL81,Supp is not available
GSE312-GPL81,Supp is not available
GSE313-GPL81,Supp is not available
GSE314-GPL81,Supp is not available
GSE51-GPL81,Supp is not available
GSE224276-GPL1261,RAW is not available
GSE26846-GPL5175,CEL file is corrupted
GSE6733-GPL339,Supp is not available
GSE18267-GPL81,CEL file is corrupted
GSE18267-GPL339,CEL file is corrupted
GSE15174-GPL570,Supp is not available
GSE5553-GPL96,Supp is not available
GSE5553-GPL97,Supp is not available
GSE4285-GPL339,Supp is not available
GSE3601-GPL571,Supp is not available
GSE5519-GPL96,Supp is not available
GSE5505-GPL3921,Supp is not available
GSE5111-GPL570,Supp is not available
GSE4651-GPL81,Supp is not available
GSE4179-GPL1261,Sample size is not consistent: 5 - 3
GSE3895-GPL82,Supp is not available
GSE5658-GPL82,Supp is not available
GSE2850-GPL339,Supp is not available
GSE2773-GPL339,Supp is not available
GSE2205-GPL1261,Supp is not available
GSE2323-GPL81,Supp is not available
GSE2323-GPL82,Supp is not available
GSE2323-GPL83,Supp is not available
GSE1481-GPL96,Supp is not available
GSE1845-GPL96,Supp is not available
GSE692-GPL81,Supp is not available
GSE676-GPL81,Supp is not available
GSE762-GPL91,Supp is not available
GSE762-GPL92,Supp is not available
GSE762-GPL93,Supp is not available
GSE762-GPL94,Supp is not available
GSE762-GPL95,Supp is not available
GSE1308-GPL81,Supp is not available
GSE405-GPL91,Supp is not available
GSE106-GPL81,Supp is not available
GSE212032-GPL6246,Supp is not available
GSE201044-GPL6246,RAW is not available
GSE189137-GPL16686,Sample size is not consistent: 6 - 12
GSE157334-GPL6246,Sample size is not consistent: 6 - 12
GSE159917-GPL570,RStudio is stopped
GSE140424-GPL17586,RStudio is stopped
GSE74982-GPL17586,RAW is not available
GSE74982-GPL17585,RAW is not available
GSE74983-GPL17586,RAW is not available
GSE74983-GPL17585,RAW is not available
GSE51122-GPL6096,Sample size is not consistent: 6 - 0
GSE51122-GPL6193,Sample size is not consistent: 6 - 0
GSE73816-GPL6096,RAW is not available
GSE67085-GPL6096,Supp is not available
GSE76758-GPL6193,Sample size is not consistent: 6 - 0
GSE66574-GPL6193,Sample size is not consistent: 6 - 0
GSE66574-GPL19877,Sample size is not consistent: 6 - 0
GSE58657-GPL5188,Supp is not available
GSE65094-GPL1261,Supp is not available
GSE54653-GPL1261,CEL file is corrupted
GSE25695-GPL5175,Sample size is not consistent: 6 - 18
GSE18274-GPL5188,Sample size is not consistent: 6 - 0
GSE45994-GPL6244,CEL file is corrupted
GSE50227-GPL570,RAW is not available
GSE50133-GPL5188,RStudio is stopped
GSE44311-GPL571,Supp is not available
GSE39838-GPL570,Supp is not available
GSE31412-GPL570,Large RAW file
GSE36202-GPL5188,CEL file is corrupted
GSE34905-GPL6193,Sample size is not consistent: 6 - 0
GSE34905-GPL6096,Sample size is not consistent: 6 - 0
GSE6735-GPL339,Supp is not available
GSE18925-GPL1261,Supp is not available
GSE33069-GPL6096,RAW is not available
GSE33069-GPL6193,RAW is not available
GSE31570-GPL1261,Large RAW file
GSE27322-GPL1261,Large RAW file
GSE27526-GPL570,Large RAW file
GSE23873-GPL8321,Supp is not available
GSE22774-GPL1261,Sample size is not consistent: 6 - 0
GSE18446-GPL1261,Sample size is not consistent: 6 - 0
GSE14621-GPL571,Sample size is not consistent: 6 - 0
GSE16919-GPL571,Sample size is not consistent: 6 - 5
GSE17518-GPL96,Supp is not available
GSE10344-GPL1261,CEL file is corrupted
GSE4465-GPL570,Supp is not available
GSE9510-GPL570,Sample size is not consistent: 6 - 5
GSE1773-GPL96,Supp is not available
GSE1774-GPL96,Supp is not available
GSE9312-GPL1261,Sample size is not consistent: 6 - 4
GSE5838-GPL570,Supp is not available
GSE4749-GPL1261,Supp is not available
GSE4323-GPL1261,Supp is not available
GSE9613-GPL570,Large RAW file
GSE5080-GPL570,Supp is not available
GSE5079-GPL570,Supp is not available
GSE7699-GPL1261,Supp is not available
GSE4927-GPL1261,Supp is not available
GSE5355-GPL81,Supp is not available
GSE3005-GPL96,Supp is not available
GSE5543-GPL96,Supp is not available
GSE5658-GPL339,Supp is not available
GSE4806-GPL571,Supp is not available
GSE5581-GPL339,Supp is not available
GSE5313-GPL1261,Supp is not available
GSE4765-GPL1261,Supp is not available
GSE5447-GPL1261,Supp is not available
GSE8660-GPL1261,Sample size is not consistent: 6 - 0
GSE5654-GPL1261,Supp is not available
GSE3410-GPL96,Supp is not available
GSE5786-GPL1261,Supp is not available
GSE4535-GPL1261,Supp is not available
GSE5800-GPL1261,Supp is not available
GSE5891-GPL1261,Supp is not available
GSE5861-GPL1261,Supp is not available
GSE5821-GPL96,Supp is not available
GSE5822-GPL96,Supp is not available
GSE4165-GPL339,Supp is not available
GSE5506-GPL3921,Supp is not available
GSE5497-GPL1261,Supp is not available
GSE4239-GPL1261,Supp is not available
GSE5425-GPL1261,Supp is not available
GSE4225-GPL96,Supp is not available
GSE4785-GPL570,Supp is not available
GSE5255-GPL1261,Supp is not available
GSE5042-GPL1261,Supp is not available
GSE5232-GPL1261,RAW is not available
GSE4627-GPL1261,Supp is not available
GSE3721-GPL339,Supp is not available
GSE3595-GPL1261,Supp is not available
GSE4975-GPL570,Supp is not available
GSE4571-GPL339,Supp is not available
GSE4097-GPL96,Supp is not available
GSE4694-GPL1261,Supp is not available
GSE4718-GPL1261,Supp is not available
GSE4696-GPL1261,Supp is not available
GSE3369-GPL570,Supp is not available
GSE4523-GPL1261,Supp is not available
GSE3861-GPL1261,Supp is not available
GSE3045-GPL570,Supp is not available
GSE3051-GPL570,Supp is not available
GSE4390-GPL81,Supp is not available
GSE2374-GPL81,Supp is not available
GSE4224-GPL81,RAW is not available
GSE4292-GPL96,Supp is not available
GSE4266-GPL81,Supp is not available
GSE4289-GPL570,Supp is not available
GSE4209-GPL96,Supp is not available
GSE3714-GPL81,Supp is not available
GSE3691-GPL81,Supp is not available
GSE3691-GPL82,Supp is not available
GSE3691-GPL83,Supp is not available
GSE3995-GPL81,Sample size is not consistent: 6 - 0
GSE2557-GPL1261,Supp is not available
GSE3501-GPL1261,Supp is not available
GSE3400-GPL81,Supp is not available
GSE3895-GPL81,Supp is not available
GSE5658-GPL81,Supp is not available
GSE3181-GPL1261,Supp is not available
GSE2772-GPL81,Supp is not available
GSE3348-GPL81,Supp is not available
GSE3003-GPL96,Supp is not available
GSE1565-GPL81,Supp is not available
GSE1566-GPL1261,Supp is not available
GSE2657-GPL8300,Supp is not available
GSE1983-GPL1261,Supp is not available
GSE2715-GPL96,Supp is not available
GSE2527-GPL1261,Supp is not available
GSE1493-GPL8300,Supp is not available
GSE2197-GPL1261,Supp is not available
GSE1809-GPL339,Supp is not available
GSE2256-GPL96,Supp is not available
GSE2241-GPL96,Supp is not available
GSE2067-GPL96,Supp is not available
GSE1764-GPL96,Supp is not available
GSE1764-GPL97,Supp is not available
GSE1801-GPL96,Supp is not available
GSE1555-GPL81,Supp is not available
GSE1050-GPL81,Supp is not available
GSE1423-GPL81,Supp is not available
GSE135-GPL81,Supp is not available
GSE1141-GPL96,Supp is not available
GSE1152-GPL96,Supp is not available
GSE1142-GPL97,Supp is not available
GSE1152-GPL97,Supp is not available
GSE1299-GPL8300,Supp is not available
GSE1299-GPL96,Supp is not available
GSE1299-GPL97,Supp is not available
GSE454-GPL81,Supp is not available
GSE766-GPL8300,Supp is not available
GSE759-GPL8300,Sample size is not consistent: 6 - 0
GSE435-GPL81,Supp is not available
GSE574-GPL91,Supp is not available
GSE557-GPL81,Supp is not available
GSE434-GPL81,Supp is not available
GSE108-GPL81,Supp is not available
GSE109-GPL81,Supp is not available
GSE107-GPL81,Supp is not available
GSE85-GPL81,Supp is not available
GSE57076-GPL5175,RAW is not available
GSE57076-GPL5188,RAW is not available
GSE20050-GPL1352,Sample size is not consistent: 7 - 6
GSE9921-GPL570,Sample size is not consistent: 7 - 0
GSE5864-GPL81,Supp is not available
GSE4656-GPL1261,Supp is not available
GSE3534-GPL339,Supp is not available
GSE4068-GPL339,Supp is not available
GSE3054-GPL91,Supp is not available
GSE2238-GPL96,Supp is not available
GSE3674-GPL201,Supp is not available
GSE2299-GPL96,Supp is not available
GSE2299-GPL97,Supp is not available
GSE2559-GPL8300,Supp is not available
GSE2099-GPL96,Supp is not available
GSE1088-GPL81,Supp is not available
GSE702-GPL81,Supp is not available
GSE1144-GPL8300,Supp is not available
GSE1407-GPL8300,Sample size is not consistent: 7 - 2
GSE208598-GPL17586,CEL file is corrupted
GSE218706-GPL23038,RStudio is stopped
GSE189084-GPL23159,Sample size is not consistent: 8 - 24
GSE189004-GPL16686,Sample size is not consistent: 8 - 16
GSE151418-GPL6246,RAW is not available
GSE137511-GPL17586,RAW is not available
GSE142415-GPL6246,RAW is not available
GSE71648-GPL11533,Subscript out of bounds
GSE95748-GPL1261,Subscript out of bounds
GSE84709-GPL16570,RStudio is stopped
GSE68721-GPL16686,Supp is not available
GSE67313-GPL6193,RAW is not available
GSE67313-GPL6096,RAW is not available
GSE66356-GPL1261,Supp is not available
GSE31827-GPL14363,CEL file is corrupted
GSE11116-GPL81,Supp is not available
GSE9801-GPL96,Sample size is not consistent: 8 - 6
GSE22498-GPL5188,CEL file is corrupted
GSE24203-GPL1261,Supp is not available
GSE3927-GPL8300,Sample size is not consistent: 8 - 0
GSE4940-GPL339,Supp is not available
GSE1089-GPL81,Supp is not available
GSE10639-GPL1261,Sample size is not consistent: 8 - 0
GSE6379-GPL570,Supp is not available
GSE5236-GPL1261,Supp is not available
GSE5474-GPL8300,Supp is not available
GSE4422-GPL339,Supp is not available
GSE8555-GPL1261,Sample size is not consistent: 8 - 7
GSE3624-GPL96,Supp is not available
GSE7209-GPL339,Supp is not available
GSE4420-GPL1261,Supp is not available
GSE5870-GPL1261,Supp is not available
GSE4852-GPL96,Supp is not available
GSE4737-GPL570,Sample size is not consistent: 8 - 2
GSE4406-GPL570,Supp is not available
GSE4220-GPL81,Supp is not available
GSE5371-GPL1261,Supp is not available
GSE5041-GPL1261,Supp is not available
GSE3962-GPL1261,Supp is not available
GSE4316-GPL570,Supp is not available
GSE4508-GPL1261,Supp is not available
GSE4928-GPL1261,Supp is not available
GSE4560-GPL96,Supp is not available
GSE4828-GPL8300,Supp is not available
GSE4710-GPL339,Supp is not available
GSE4650-GPL339,Supp is not available
GSE2471-GPL81,Supp is not available
GSE4570-GPL96,Supp is not available
GSE3252-GPL339,Supp is not available
GSE4410-GPL339,Supp is not available
GSE4264-GPL81,Supp is not available
GSE4265-GPL81,Supp is not available
GSE4171-GPL339,Supp is not available
GSE4110-GPL570,Supp is not available
GSE3293-GPL1261,Supp is not available
GSE3807-GPL96,Supp is not available
GSE3843-GPL1261,Supp is not available
GSE3337-GPL81,Supp is not available
GSE2774-GPL1261,Supp is not available
GSE2592-GPL1261,Supp is not available
GSE3485-GPL570,Supp is not available
GSE3413-GPL570,Supp is not available
GSE2700-GPL96,Supp is not available
GSE2131-GPL81,Supp is not available
GSE2531-GPL96,Sample size is not consistent: 8 - 7
GSE2644-GPL339,Supp is not available
GSE2458-GPL81,Sample size is not consistent: 8 - 0
GSE2522-GPL91,Supp is not available
GSE2429-GPL96,Sample size is not consistent: 8 - 2
GSE1283-GPL339,Supp is not available
GSE2229-GPL1261,Supp is not available
GSE1623-GPL81,Sample size is not consistent: 8 - 6
GSE1576-GPL81,Supp is not available
GSE1086-GPL81,Supp is not available
GSE1087-GPL81,Supp is not available
GSE1448-GPL81,Supp is not available
GSE1680-GPL81,Supp is not available
GSE1595-GPL96,Supp is not available
GSE1805-GPL8300,Supp is not available
GSE1473-GPL96,Supp is not available
GSE587-GPL81,Supp is not available
GSE864-GPL81,Supp is not available
GSE761-GPL8300,Sample size is not consistent: 8 - 0
GSE666-GPL8300,Supp is not available
GSE255080-GPL570,Supp is not available
GSE152884-GPL20775,Sample size is not consistent: 9 - 0
GSE4728-GPL339,Supp is not available
GSE4728-GPL340,Supp is not available
GSE98081-GPL6244,Sample size is not consistent: 9 - 6
GSE2436-GPL81,Supp is not available
GSE60318-GPL1261,Subscript out of bounds
GSE46146-GPL6193,Sample size is not consistent: 9 - 0
GSE17019-GPL5175,Sample size is not consistent: 9 - 0
GSE15735-GPL570,Large RAW file
GSE17089-GPL5175,Sample size is not consistent: 9 - 27
GSE5241-GPL1261,Supp is not available
GSE6790-GPL81,Sample size is not consistent: 9 - 8
GSE3506-GPL96,Supp is not available
GSE3850-GPL1261,Supp is not available
GSE5059-GPL570,Supp is not available
GSE5455-GPL81,Supp is not available
GSE5507-GPL3921,Supp is not available
GSE5508-GPL571,Supp is not available
GSE5562-GPL1261,Supp is not available
GSE3115-GPL8300,Supp is not available
GSE5023-GPL570,Supp is not available
GSE4981-GPL570,Supp is not available
GSE5143-GPL570,Supp is not available
GSE5144-GPL570,Supp is not available
GSE5118-GPL96,Supp is not available
GSE4416-GPL339,Supp is not available
GSE2502-GPL81,Supp is not available
GSE4490-GPL339,Supp is not available
GSE4490-GPL340,Supp is not available
GSE2883-GPL96,Supp is not available
GSE4315-GPL96,Supp is not available
GSE3188-GPL96,Sample size is not consistent: 9 - 0
GSE3627-GPL8300,Supp is not available
GSE2222-GPL96,Supp is not available
GSE2663-GPL8300,Supp is not available
GSE2504-GPL96,Supp is not available
GSE2344-GPL81,Supp is not available
GSE2276-GPL81,Supp is not available
GSE2002-GPL339,Supp is not available
GSE1437-GPL81,Supp is not available
GSE2040-GPL8300,Supp is not available
GSE1823-GPL91,Supp is not available
GSE1822-GPL96,Supp is not available
GSE1624-GPL81,Supp is not available
GSE1381-GPL81,Supp is not available
GSE1264-GPL96,Supp is not available
GSE1347-GPL8300,Supp is not available
GSE934-GPL81,Supp is not available
GSE842-GPL81,Supp is not available
GSE685-GPL96,Supp is not available
GSE440-GPL8300,Sample size is not consistent: 9 - 8
GSE263824-GPL16686,Subscript out of bounds
GSE261938-GPL570,Supp is not available
GSE185370-GPL6246,RAW is not available
GSE122195-GPL1261,CEL file is corrupted
GSE119040-GPL96,Supp is not available
GSE56916-GPL16686,Large RAW file
GSE67002-GPL17996,Sample size is not consistent: 10 - 6
GSE57470-GPL570,CEL file is corrupted
GSE60258-GPL1261,CEL file is corrupted
GSE9160-GPL570,CEL file is corrupted
GSE49586-GPL570,Sample size is not consistent: 10 - 9
GSE1537-GPL201,Supp is not available
GSE14771-GPL97,CEL file is corrupted
GSE13410-GPL5188,Sample size is not consistent: 10 - 9
GSE10071-GPL1261,Sample size is not consistent: 10 - 0
GSE5504-GPL570,Supp is not available
GSE3849-GPL1261,Supp is not available
GSE4525-GPL571,Supp is not available
GSE4748-GPL570,Supp is not available
GSE4479-GPL1261,Supp is not available
GSE3893-GPL96,Supp is not available
GSE4592-GPL96,Supp is not available
GSE4029-GPL1261,Supp is not available
GSE4678-GPL339,RAW is not available
GSE3891-GPL96,Supp is not available
GSE3891-GPL97,Supp is not available
GSE4513-GPL81,Supp is not available
GSE4263-GPL81,Supp is not available
GSE4120-GPL339,Supp is not available
GSE2297-GPL339,Supp is not available
GSE2144-GPL96,Sample size is not consistent: 10 - 6
GSE3306-GPL96,Supp is not available
GSE3268-GPL96,Supp is not available
GSE3162-GPL81,Supp is not available
GSE3004-GPL8300,Supp is not available
GSE2433-GPL1261,Supp is not available
GSE1606-GPL81,Supp is not available
GSE2174-GPL96,Supp is not available
GSE1552-GPL81,Supp is not available
GSE770-GPL8300,Supp is not available
GSE590-GPL96,Supp is not available
GSE444-GPL8300,Supp is not available
GSE593-GPL96,Supp is not available
GSE420-GPL8300,Supp is not available
GSE269-GPL8300,Supp is not available
GSE112476-GPL1261,Subscript out of bounds
GSE53659-GPL1261,Supp is not available
GSE27924-GPL570,Sample size is not consistent: 11 - 10
GSE15308-GPL96,RAW is not available
GSE5398-GPL339,Supp is not available
GSE5503-GPL339,Supp is not available
GSE9128-GPL96,Sample size is not consistent: 11 - 7
GSE5057-GPL96,Supp is not available
GSE10135-GPL96,Sample size is not consistent: 11 - 0
GSE5320-GPL81,Supp is not available
GSE5142-GPL96,Supp is not available
GSE5144-GPL96,Supp is not available
GSE3320-GPL96,Supp is not available
GSE482-GPL82,CEL file is corrupted
GSE2505-GPL571,Supp is not available
GSE2449-GPL96,Supp is not available
GSE1802-GPL96,Supp is not available
GSE1458-GPL81,Supp is not available
GSE666-GPL96,Supp is not available
GSE443-GPL8300,Supp is not available
GSE167190-GPL1261,Sample size is not consistent: 12 - 0
GSE195517-GPL6244,Sample size is not consistent: 12 - 6
GSE146354-GPL570,Subscript out of bounds
GSE145385-GPL6096,Sample size is not consistent: 12 - 0
GSE145385-GPL6193,Sample size is not consistent: 12 - 0
GSE134565-GPL6244,Sample size is not consistent: 12 - 10
GSE108417-GPL6246,Supp is not available
GSE115947-GPL570,RStudio is stopped
GSE99777-GPL1261,Sample size is not consistent: 12 - 10
GSE104931-GPL570,Supp is not available
GSE70805-GPL19832,Subscript out of bounds
GSE89050-GPL570,RStudio is stopped
GSE78137-GPL1261,Sample size is not consistent: 12 - 0
GSE74004-GPL17586,Sample size is not consistent: 12 - 24
GSE52338-GPL1261,CEL file is corrupted
GSE51337-GPL6246,Large RAW file
GSE40205-GPL6244,Supp is not available
GSE36837-GPL5188,RAW is not available
GSE36837-GPL5175,RAW is not available
GSE32375-GPL570,Sample size is not consistent: 12 - 0
GSE23926-GPL570,Supp is not available
GSE23321-GPL10739,RAW is not available
GSE23321-GPL6244,RAW is not available
GSE449-GPL8300,Supp is not available
GSE23514-GPL5188,CEL file is corrupted
GSE3926-GPL96,Sample size is not consistent: 12 - 3
GSE17968-GPL570,CEL file is corrupted
GSE2918-GPL96,Sample size is not consistent: 12 - 0
GSE6808-GPL96,Sample size is not consistent: 12 - 0
GSE12274-GPL570,Sample size is not consistent: 12 - 3
GSE2227-GPL32,Sample size is not consistent: 12 - 9
GSE5944-GPL339,Supp is not available
GSE4810-GPL339,RAW is not available
GSE3483-GPL339,Supp is not available
GSE4623-GPL81,Supp is not available
GSE4518-GPL1261,Supp is not available
GSE6883-GPL96,Sample size is not consistent: 12 - 22
GSE6883-GPL97,Sample size is not consistent: 12 - 22
GSE5556-GPL570,Supp is not available
GSE5222-GPL96,Supp is not available
GSE6053-GPL571,Supp is not available
GSE6309-GPL81,Supp is not available
GSE4717-GPL96,Supp is not available
GSE3837-GPL1261,Supp is not available
GSE4006-GPL96,Supp is not available
GSE4858-GPL96,Supp is not available
GSE4858-GPL97,Supp is not available
GSE4172-GPL570,Supp is not available
GSE3397-GPL570,Supp is not available
GSE4537-GPL81,Supp is not available
GSE4537-GPL82,Supp is not available
GSE4537-GPL83,Supp is not available
GSE3925-GPL81,Supp is not available
GSE3925-GPL82,Supp is not available
GSE3925-GPL83,Supp is not available
GSE4256-GPL339,Supp is not available
GSE4257-GPL339,Supp is not available
GSE4258-GPL339,Supp is not available
GSE4259-GPL339,Supp is not available
GSE3720-GPL571,Supp is not available
GSE3965-GPL81,Supp is not available
GSE2835-GPL96,Supp is not available
GSE3565-GPL339,Supp is not available
GSE1682-GPL96,Supp is not available
GSE3188-GPL570,Sample size is not consistent: 12 - 0
GSE3308-GPL96,Supp is not available
GSE3644-GPL339,Supp is not available
GSE3040-GPL96,Supp is not available
GSE3196-GPL1261,Supp is not available
GSE3491-GPL8300,Supp is not available
GSE3297-GPL96,Supp is not available
GSE3253-GPL1261,RAW is not available
GSE3140-GPL201,Supp is not available
GSE977-GPL81,Supp is not available
GSE2699-GPL96,Supp is not available
GSE2629-GPL81,Supp is not available
GSE2111-GPL96,Supp is not available
GSE2251-GPL96,Supp is not available
GSE988-GPL81,Supp is not available
GSE2019-GPL1261,Sample size is not consistent: 12 - 11
GSE1906-GPL81,Supp is not available
GSE784-GPL81,Supp is not available
GSE1839-GPL81,Supp is not available
GSE1740-GPL8300,Supp is not available
GSE1036-GPL96,Supp is not available
GSE929-GPL81,Supp is not available
GSE1045-GPL96,Supp is not available
GSE1028-GPL8300,Supp is not available
GSE849-GPL81,Supp is not available
GSE849-GPL82,Supp is not available
GSE849-GPL83,Supp is not available
GSE701-GPL91,Supp is not available
GSE675-GPL91,Supp is not available
GSE642-GPL81,Supp is not available
GSE448-GPL8300,Supp is not available
GSE460-GPL81,Supp is not available
GSE339-GPL81,Supp is not available
GSE270-GPL8300,Supp is not available
GSE403-GPL8300,Supp is not available
GSE369-GPL81,Supp is not available
GSE363-GPL81,Supp is not available
GSE281-GPL91,Supp is not available
GSE80-GPL91,Supp is not available
GSE61578-GPL96,Large RAW file
GSE12345-GPL570,CEL file is corrupted
GSE2924-GPL1261,Supp is not available
GSE3834-GPL96,Supp is not available
GSE2332-GPL82,Supp is not available
GSE2332-GPL83,Supp is not available
GSE857-GPL81,Supp is not available
GSE712-GPL8300,Supp is not available
GSE414-GPL81,Supp is not available
GSE410-GPL96,Supp is not available
GSE272973-GPL23126,RStudio is stopped
GSE34855-GPL5175,Sample size is not consistent: 14 - 0
GSE34855-GPL5188,Sample size is not consistent: 14 - 0
GSE46465-GPL6244,RStudio is stopped
GSE1980-GPL339,Supp is not available
GSE23640-GPL570,RStudio is stopped
GSE6146-GPL96,Sample size is not consistent: 14 - 13
GSE4772-GPL570,Supp is not available
GSE3115-GPL91,Supp is not available
GSE4060-GPL570,Supp is not available
GSE3893-GPL570,Supp is not available
GSE4425-GPL96,Supp is not available
GSE2118-GPL81,Sample size is not consistent: 14 - 13
GSE2006-GPL96,Supp is not available
GSE2788-GPL339,Supp is not available
GSE3129-GPL81,Supp is not available
GSE2889-GPL339,Supp is not available
GSE2528-GPL81,Supp is not available
GSE1739-GPL201,Supp is not available
GSE2135-GPL96,Supp is not available
GSE928-GPL8300,Supp is not available
GSE2057-GPL339,Supp is not available
GSE2044-GPL96,Sample size is not consistent: 14 - 13
GSE1910-GPL8300,Supp is not available
GSE495-GPL81,Sample size is not consistent: 14 - 13
GSE847-GPL91,Supp is not available
GSE595-GPL8300,Supp is not available
GSE582-GPL81,Supp is not available
GSE430-GPL96,Supp is not available
GSE56717-GPL571,CEL file is corrupted
GSE25072-GPL6096,Supp is not available
GSE6397-GPL1261,Sample size is not consistent: 15 - 14
GSE2503-GPL96,Supp is not available
GSE4840-GPL96,Supp is not available
GSE4840-GPL97,Supp is not available
GSE5102-GPL570,Supp is not available
GSE4563-GPL96,Supp is not available
GSE4799-GPL1261,Supp is not available
GSE4764-GPL81,Supp is not available
GSE2188-GPL81,Supp is not available
GSE3440-GPL1261,Sample size is not consistent: 15 - 14
GSE3113-GPL96,Supp is not available
GSE2459-GPL81,Supp is not available
GSE2127-GPL339,Supp is not available
GSE1949-GPL32,Supp is not available
GSE1131-GPL81,Supp is not available
GSE1302-GPL8300,Supp is not available
GSE1302-GPL92,Supp is not available
GSE1302-GPL93,Supp is not available
GSE1302-GPL94,Supp is not available
GSE1302-GPL95,Supp is not available
GSE1140-GPL96,Sample size is not consistent: 15 - 14
GSE674-GPL97,Supp is not available
GSE674-GPL96,Supp is not available
GSE362-GPL97,Supp is not available
GSE362-GPL96,Supp is not available
GSE31154-GPL570,Sample size is not consistent: 16 - 7
GSE114108-GPL6246,Sample size is not consistent: 16 - 15
GSE2215-GPL96,Supp is not available
GSE31156-GPL570,Sample size is not consistent: 16 - 0
GSE47706-GPL6096,RAW is not available
GSE47706-GPL6193,RAW is not available
GSE46193-GPL96,Supp is not available
GSE32875-GPL5175,RAW is not available
GSE32875-GPL5188,RAW is not available
GSE11210-GPL1261,Supp is not available
GSE13395-GPL8300,CEL file is corrupted
GSE5237-GPL570,Supp is not available
GSE4392-GPL96,Supp is not available
GSE5230-GPL570,Supp is not available
GSE5220-GPL96,Supp is not available
GSE4731-GPL96,Supp is not available
GSE4688-GPL201,Supp is not available
GSE3296-GPL1261,Supp is not available
GSE3204-GPL96,Supp is not available
GSE1579-GPL339,Supp is not available
GSE2355-GPL81,Supp is not available
GSE2355-GPL82,Supp is not available
GSE2489-GPL8300,Sample size is not consistent: 16 - 12
GSE1469-GPL8300,Supp is not available
GSE1363-GPL81,Supp is not available
GSE1343-GPL96,Supp is not available
GSE495-GPL82,Sample size is not consistent: 16 - 13
GSE495-GPL83,Sample size is not consistent: 16 - 13
GSE614-GPL81,Supp is not available
GSE422-GPL81,Supp is not available
GSE571-GPL8300,Supp is not available
GSE572-GPL8300,Supp is not available
GSE267-GPL8300,Supp is not available
GSE25645-GPL1261,RStudio is stopped
GSE17312-GPL570,Large RAW file
GSE35398-GPL6246,Sample size is not consistent: 17 - 16
GSE30536-GPL570,Sample size is not consistent: 17 - 16
GSE12488-GPL570,CEL file is corrupted
GSE1986-GPL1261,Sample size is not consistent: 17 - 0
GSE5667-GPL96,Sample size is not consistent: 17 - 0
GSE5667-GPL97,Sample size is not consistent: 17 - 0
GSE5550-GPL201,Supp is not available
GSE4025-GPL96,Supp is not available
GSE1145-GPL8300,Sample size is not consistent: 17 - 16
GSE1132-GPL96,Supp is not available
GSE1132-GPL97,Supp is not available
GSE1391-GPL81,Supp is not available
GSE1749-GPL81,Supp is not available
GSE846-GPL96,Supp is not available
GSE63-GPL81,Supp is not available
GSE144139-GPL1261,RStudio is stopped
GSE109348-GPL570,Supp is not available
GSE55628-GPL6244,Sample size is not consistent: 18 - 14
GSE31838-GPL5188,Large RAW file
GSE27125-GPL5175,Large RAW file
GSE28025-GPL1261,Sample size is not consistent: 18 - 11
GSE23874-GPL8321,Supp is not available
GSE8590-GPL570,CEL file is corrupted
GSE4521-GPL96,Supp is not available
GSE4521-GPL97,Supp is not available
GSE2732-GPL96,Supp is not available
GSE4277-GPL571,RAW is not available
GSE14537-GPL570,Sample size is not consistent: 18 - 0
GSE11142-GPL570,Sample size is not consistent: 18 - 17
GSE5766-GPL339,Supp is not available
GSE4655-GPL570,Supp is not available
GSE4342-GPL97,Supp is not available
GSE3383-GPL339,Supp is not available
GSE3383-GPL340,Supp is not available
GSE4251-GPL571,Supp is not available
GSE4768-GPL1261,Supp is not available
GSE3542-GPL96,Sample size is not consistent: 18 - 12
GSE4587-GPL570,Supp is not available
GSE3249-GPL1261,Supp is not available
GSE2964-GPL570,Supp is not available
GSE3343-GPL339,Supp is not available
GSE2332-GPL81,Supp is not available
GSE1056-GPL91,Supp is not available
GSE2254-GPL81,Supp is not available
GSE1925-GPL8300,Supp is not available
GSE1926-GPL8300,Supp is not available
GSE1724-GPL8300,Supp is not available
GSE1059-GPL96,Supp is not available
GSE591-GPL81,Supp is not available
GSE72362-GPL570,Sample size is not consistent: 19 - 14
GSE32317-GPL570,RAW is not available
GSE12277-GPL570,Sample size is not consistent: 19 - 0
GSE5106-GPL571,Supp is not available
GSE3260-GPL81,Supp is not available
GSE2508-GPL91,Supp is not available
GSE2326-GPL97,Supp is not available
GSE2326-GPL96,Supp is not available
GSE3156-GPL570,Supp is not available
GSE2208-GPL96,Supp is not available
GSE1921-GPL81,Supp is not available
GSE923-GPL96,Supp is not available
GSE409-GPL96,Supp is not available
GSE180254-GPL11180,RAW is not available
GSE78246-GPL5175,RAW is not available
GSE78246-GPL5188,RAW is not available
GSE63423-GPL5175,Supp is not available
GSE65343-GPL17692,RAW is not available
GSE31456-GPL6246,Large RAW file
GSE41462-GPL5188,Large RAW file
GSE41464-GPL5188,Large RAW file
GSE41462-GPL6193,Large RAW file
GSE41464-GPL6193,Large RAW file
GSE41462-GPL5175,Large RAW file
GSE41464-GPL5175,Large RAW file
GSE41462-GPL6096,Large RAW file
GSE41464-GPL6096,Large RAW file
GSE18668-GPL570,CEL file is corrupted
GSE713-GPL8300,Supp is not available
GSE10867-GPL96,Sample size is not consistent: 20 - 18
GSE19428-GPL571,Sample size is not consistent: 20 - 16
GSE18637-GPL570,Sample size is not consistent: 20 - 19
GSE5682-GPL570,Sample size is not consistent: 20 - 14
GSE5483-GPL81,Supp is not available
GSE5483-GPL82,Supp is not available
GSE5483-GPL83,Supp is not available
GSE4590-GPL91,Supp is not available
GSE5377-GPL201,Supp is not available
GSE6730-GPL339,Supp is not available
GSE5297-GPL1261,Supp is not available
GSE6012-GPL96,Supp is not available
GSE3606-GPL571,Supp is not available
GSE1933-GPL201,Supp is not available
GSE3998-GPL570,Supp is not available
GSE2508-GPL8300,Supp is not available
GSE2917-GPL1261,Supp is not available
GSE3351-GPL339,Supp is not available
GSE3351-GPL340,Supp is not available
GSE2138-GPL96,Supp is not available
GSE2138-GPL97,Supp is not available
GSE3078-GPL339,Supp is not available
GSE2521-GPL96,Supp is not available
GSE2386-GPL96,Supp is not available
GSE2059-GPL339,Supp is not available
GSE1744-GPL339,Supp is not available
GSE1749-GPL339,Supp is not available
GSE1745-GPL340,Supp is not available
GSE1749-GPL340,Supp is not available
GSE1472-GPL32,Sample size is not consistent: 20 - 10
GSE868-GPL81,Supp is not available
GSE1153-GPL91,Supp is not available
GSE986-GPL81,Supp is not available
GSE172170-GPL6244,CEL file is corrupted
GSE55945-GPL570,CEL file is corrupted
GSE13619-GPL201,Sample size is not consistent: 21 - 0
GSE4712-GPL1261,Supp is not available
GSE4773-GPL570,Sample size is not consistent: 21 - 20
GSE3589-GPL96,Supp is not available
GSE2640-GPL339,Supp is not available
GSE2403-GPL8300,Supp is not available
GSE2706-GPL570,Supp is not available
GSE2149-GPL96,Supp is not available
GSE1819-GPL81,Supp is not available
GSE990-GPL83,Sample size is not consistent: 21 - 0
GSE236145-GPL23126,RStudio is stopped
GSE223251-GPL96,Supp is not available
GSE124356-GPL6246,Sample size is not consistent: 22 - 12
GSE66387-GPL19832,Subscript out of bounds
GSE62198-GPL17400,CEL file is corrupted
GSE42924-GPL570,Sample size is not consistent: 22 - 21
GSE12668-GPL96,Large RAW file
GSE4608-GPL570,Supp is not available
GSE3722-GPL339,Supp is not available
GSE4232-GPL81,Supp is not available
GSE2917-GPL81,Supp is not available
GSE1862-GPL91,Supp is not available
GSE1806-GPL1261,Supp is not available
GSE1092-GPL81,Supp is not available
GSE1309-GPL96,Supp is not available
GSE268-GPL8300,Supp is not available
GSE23604-GPL570,Sample size is not consistent: 23 - 25
GSE11078-GPL570,Supp is not available
GSE6569-GPL96,Supp is not available
GSE6569-GPL97,Supp is not available
GSE3920-GPL96,Supp is not available
GSE5078-GPL81,Supp is not available
GSE2117-GPL96,Supp is not available
GSE1948-GPL32,Supp is not available
GSE1551-GPL96,Supp is not available
GSE1147-GPL96,Supp is not available
GSE967-GPL91,Supp is not available
GSE426-GPL8300,Supp is not available
GSE427-GPL8300,Supp is not available
GSE222532-GPL17585,Sample size is not consistent: 24 - 0
GSE222532-GPL17586,Sample size is not consistent: 24 - 0
GSE47605-GPL11533,Subscript out of bounds
GSE79598-GPL17586,Sample size is not consistent: 24 - 48
GSE64683-GPL5175,Supp is not available
GSE3313-GPL1261,Supp is not available
GSE58102-GPL5175,RStudio is stopped
GSE18490-GPL570,Large RAW file
GSE39995-GPL5175,Sample size is not consistent: 24 - 0
GSE17373-GPL1261,RStudio is stopped
GSE15946-GPL8019,Large RAW file
GSE5883-GPL570,Supp is not available
GSE9488-GPL81,Sample size is not consistent: 24 - 20
GSE1816-GPL339,Supp is not available
GSE5840-GPL570,Supp is not available
GSE4238-GPL1261,Supp is not available
GSE3037-GPL96,Supp is not available
GSE5200-GPL96,Supp is not available
GSE2397-GPL570,Supp is not available
GSE2411-GPL339,Supp is not available
GSE1432-GPL96,Supp is not available
GSE2082-GPL81,Supp is not available
GSE1982-GPL91,Supp is not available
GSE1296-GPL96,Supp is not available
GSE1392-GPL81,Supp is not available
GSE1474-GPL96,Supp is not available
GSE1085-GPL81,Supp is not available
GSE1010-GPL96,Supp is not available
GSE989-GPL81,Sample size is not consistent: 24 - 7
GSE803-GPL8300,Supp is not available
GSE803-GPL92,Supp is not available
GSE803-GPL93,Supp is not available
GSE803-GPL94,Supp is not available
GSE803-GPL95,Supp is not available
GSE700-GPL81,Supp is not available
GSE697-GPL8300,Supp is not available
GSE75-GPL32,Supp is not available
GSE42677-GPL571,CEL file is corrupted
GSE41130-GPL16100,CEL file is corrupted
GSE19699-GPL96,Sample size is not consistent: 25 - 15
GSE5180-GPL96,Supp is not available
GSE5413-GPL81,Supp is not available
GSE44865-GPL570,Large RAW file
GSE61578-GPL570,Large RAW file
GSE23038-GPL571,Sample size is not consistent: 27 - 33
GSE17356-GPL571,Sample size is not consistent: 27 - 81
GSE9146-GPL1261,Supp is not available
GSE564-GPL81,Supp is not available
GSE141118-GPL6244,CEL file is corrupted
GSE48828-GPL5175,RAW is not available
GSE48828-GPL5188,RAW is not available
GSE40928-GPL96,Sample size is not consistent: 28 - 0
GSE33088-GPL6096,Sample size is not consistent: 28 - 50
GSE12709-GPL570,CEL file is corrupted
GSE5827-GPL570,Sample size is not consistent: 28 - 14
GSE4671-GPL1261,Supp is not available
GSE3725-GPL339,Supp is not available
GSE3489-GPL8300,Supp is not available
GSE3318-GPL1261,Supp is not available
GSE3067-GPL1261,Supp is not available
GSE2779-GPL96,Supp is not available
GSE2510-GPL96,Supp is not available
GSE2510-GPL97,Supp is not available
GSE2556-GPL81,Supp is not available
GSE1397-GPL96,Supp is not available
GSE360-GPL8300,Supp is not available
GSE5820-GPL96,Supp is not available
GSE110023-GPL570,Subscript out of bounds
GSE69657-GPL570,Sample size is not consistent: 30 - 16
GSE58911-GPL6244,RStudio is stopped
GSE35925-GPL570,CEL file is corrupted
GSE26875-GPL339,Supp is not available
GSE26875-GPL340,Supp is not available
GSE15026-GPL570,RAW is not available
GSE11798-GPL570,Supp is not available
GSE3634-GPL339,Supp is not available
GSE3455-GPL81,Supp is not available
GSE848-GPL91,Supp is not available
GSE4841-GPL96,Supp is not available
GSE3868-GPL96,Supp is not available
GSE1572-GPL8300,Supp is not available
GSE77-GPL81,Supp is not available
GSE118238-GPL570,Sample size is not consistent: 31 - 29
GSE29680-GPL201,Sample size is not consistent: 31 - 29
GSE1751-GPL96,Supp is not available
GSE3150-GPL1261,Supp is not available
GSE1791-GPL81,Supp is not available
GSE8345-GPL1261,CEL file is corrupted
GSE128296-GPL23126,Sample size is not consistent: 32 - 34
GSE53418-GPL5175,CEL file is corrupted
GSE17601-GPL96,CEL file is corrupted
GSE16334-GPL96,Sample size is not consistent: 32 - 64
GSE5542-GPL96,Supp is not available
GSE3059-GPL570,Supp is not available
GSE2431-GPL81,Supp is not available
GSE4222-GPL81,Supp is not available
GSE3982-GPL96,Supp is not available
GSE2624-GPL8300,Supp is not available
GSE1849-GPL97,Supp is not available
GSE134564-GPL6244,Sample size is not consistent: 33 - 30
GSE85350-GPL17586,Sample size is not consistent: 33 - 28
GSE71381-GPL1261,RAW is not available
GSE46582-GPL81,RAW is not available
GSE45626-GPL570,Supp is not available
GSE11186-GPL1261,CEL file is corrupted
GSE4310-GPL81,Supp is not available
GSE1849-GPL96,Supp is not available
GSE845-GPL91,Supp is not available
GSE860-GPL91,Supp is not available
GSE837-GPL91,Supp is not available
GSE8970-GPL96,Sample size is not consistent: 34 - 39
GSE5589-GPL81,Supp is not available
GSE4668-GPL96,Supp is not available
GSE3834-GPL570,Supp is not available
GSE2770-GPL8300,Sample size is not consistent: 34 - 33
GSE2748-GPL570,Supp is not available
GSE110696-GPL23126,Subscript out of bounds
GSE4667-GPL96,Supp is not available
GSE4667-GPL97,Supp is not available
GSE3418-GPL339,Supp is not available
GSE6095-GPL339,Sample size is not consistent: 35 - 0
GSE2712-GPL96,Supp is not available
GSE138198-GPL6244,Sample size is not consistent: 36 - 33
GSE4526-GPL570,Supp is not available
GSE16125-GPL5175,Large RAW file
GSE17649-GPL1261,CEL file is corrupted
GSE3304-GPL81,Sample size is not consistent: 36 - 0
GSE6272-GPL96,Supp is not available
GSE6275-GPL1261,Sample size is not consistent: 36 - 18
GSE3384-GPL81,Sample size is not consistent: 36 - 35
GSE3530-GPL1261,Supp is not available
GSE1815-GPL8300,Supp is not available
GSE2746-GPL339,Supp is not available
GSE897-GPL81,Sample size is not consistent: 36 - 30
GSE753-GPL8300,Supp is not available
GSE76-GPL32,Supp is not available
GSE6521-GPL570,CEL file is corrupted
GSE2973-GPL339,Supp is not available
GSE1987-GPL91,Supp is not available
GSE2227-GPL81,Sample size is not consistent: 37 - 0
GSE1869-GPL96,Sample size is not consistent: 37 - 25
GSE16157-GPL570,CEL file is corrupted
GSE4246-GPL570,Supp is not available
GSE49475-GPL13667,Supp is not available
GSE78132-GPL570,CEL file is corrupted
GSE5058-GPL570,Sample size is not consistent: 39 - 38
GSE4953-GPL81,Supp is not available
GSE4953-GPL82,Supp is not available
GSE4953-GPL83,Supp is not available
GSE2508-GPL92,Supp is not available
GSE2508-GPL93,Supp is not available
GSE2508-GPL94,Supp is not available
GSE2508-GPL95,Supp is not available
GSE2803-GPL8300,Supp is not available
GSE178708-GPL5175,Supp is not available
GSE25643-GPL1261,RStudio is stopped
GSE19860-GPL570,Sample size is not consistent: 40 - 29
GSE5845-GPL96,Supp is not available
GSE5716-GPL570,Sample size is not consistent: 40 - 14
GSE4386-GPL570,Supp is not available
GSE2837-GPL1352,Supp is not available
GSE3112-GPL96,Supp is not available
GSE1643-GPL570,Supp is not available
GSE1743-GPL96,Supp is not available
GSE150707-GPL17586,RStudio is stopped
GSE155716-GPL16570,RStudio is stopped
GSE118432-GPL6244,Sample size is not consistent: 42 - 41
GSE91006-GPL96,RStudio is stopped
GSE28968-GPL8019,CEL file is corrupted
GSE9811-GPL1261,Sample size is not consistent: 42 - 41
GSE3697-GPL571,Supp is not available
GSE2195-GPL81,Supp is not available
GSE30292-GPL570,CEL file is corrupted
GSE7880-GPL201,CEL file is corrupted
GSE2950-GPL340,Supp is not available
GSE10300-GPL570,CEL file is corrupted
GSE10631-GPL96,RStudio is stopped
GSE6631-GPL8300,Sample size is not consistent: 44 - 40
GSE5141-GPL81,Supp is not available
GSE758-GPL8300,Supp is not available
GSE5339-GPL571,Supp is not available
GSE4342-GPL96,Supp is not available
GSE4124-GPL571,Supp is not available
GSE4843-GPL570,Supp is not available
GSE1977-GPL8300,Supp is not available
GSE4602-GPL570,Supp is not available
GSE3493-GPL8300,Supp is not available
GSE267741-GPL23038,Sample size is not consistent: 47 - 44
GSE107591-GPL6244,Sample size is not consistent: 47 - 51
GSE1466-GPL96,Supp is not available
GSE1466-GPL97,Supp is not available
GSE165813-GPL31954,RStudio is stopped
GSE81246-GPL17692,Sample size is not consistent: 48 - 41
GSE13416-GPL6193,Large RAW file
GSE13416-GPL6096,Large RAW file
GSE3963-GPL81,Supp is not available
GSE2148-GPL81,Supp is not available
GSE1148-GPL339,Supp is not available
GSE109178-GPL570,CEL file is corrupted
GSE46222-GPL570,RStudio is stopped
GSE50421-GPL5188,Supp is not available
GSE34289-GPL5175,RStudio is stopped
GSE7952-GPL5175,CEL file is corrupted
GSE4588-GPL570,Supp is not available
GSE5663-GPL81,Sample size is not consistent: 49 - 0
GSE1542-GPL96,Supp is not available
GSE1542-GPL97,Supp is not available
GSE37207-GPL1261,Sample size is not consistent: 50 - 49
GSE13195-GPL5175,Large RAW file
GSE13195-GPL5188,Large RAW file
GSE16696-GPL570,Sample size is not consistent: 50 - 45
GSE8921-GPL96,Sample size is not consistent: 50 - 49
GSE2912-GPL96,Supp is not available
GSE57528-GPL8759,RStudio is stopped
GSE39262-GPL96,Sample size is not consistent: 51 - 27
GSE17306-GPL570,Sample size is not consistent: 52 - 51
GSE16129-GPL97,CEL file is corrupted
GSE102464-GPL1261,Sample size is not consistent: 53 - 52
GSE2719-GPL96,Supp is not available
GSE2549-GPL96,Supp is not available
GSE198103-GPL23126,Large RAW file
GSE3151-GPL570,Supp is not available
GSE16129-GPL96,CEL file is corrupted
GSE4228-GPL96,Supp is not available
GSE31245-GPL8300,Sample size is not consistent: 58 - 57
GSE5122-GPL96,RAW is not available
GSE2322-GPL96,Supp is not available
GSE2191-GPL8300,Supp is not available
GSE247181-GPL24539,Large RAW file
GSE71380-GPL1261,RAW is not available
GSE7208-GPL96,Supp is not available
GSE30727-GPL5188,Large RAW file
GSE19027-GPL96,CEL file is corrupted
GSE16746-GPL96,Large RAW file
GSE5846-GPL96,Supp is not available
GSE11909-GPL97,CEL file is corrupted
GSE5949-GPL91,CEL file is corrupted
GSE3330-GPL339,RAW is not available
GSE3330-GPL340,RAW is not available
GSE111477-GPL5188,Large RAW file
GSE111477-GPL5175,Large RAW file
GSE4734-GPL1261,Supp is not available
GSE275824-GPL13667,Subscript out of bounds
GSE2727-GPL96,Supp is not available
GSE935-GPL8300,Supp is not available
GSE19722-GPL570,Sample size is not consistent: 64 - 58
GSE2950-GPL339,Supp is not available
GSE1782-GPL81,Supp is not available
GSE74115-GPL5188,CEL file is corrupted
GSE9656-GPL8300,Sample size is not consistent: 65 - 52
GSE1993-GPL96,Supp is not available
GSE4452-GPL570,Supp is not available
GSE107299-GPL17586,Large RAW file
GSE82307-GPL570,CEL file is corrupted
GSE66616-GPL19859,Large RAW file
GSE5105-GPL570,Supp is not available
GSE4619-GPL570,Supp is not available
GSE4122-GPL201,Supp is not available
GSE10325-GPL96,Sample size is not consistent: 67 - 66
GSE2405-GPL96,Supp is not available
GSE56311-GPL570,Large RAW file
GSE85268-GPL15207,RStudio is stopped
GSE19539-GPL6244,Large RAW file
GSE34865-GPL5175,Large RAW file
GSE34865-GPL5188,Large RAW file
GSE64913-GPL570,Sample size is not consistent: 70 - 59
GSE14994-GPL3921,Large RAW file
GSE4679-GPL339,Supp is not available
GSE4679-GPL340,Supp is not available
GSE3189-GPL96,Supp is not available
GSE104930-GPL8300,Supp is not available
GSE29903-GPL570,Sample size is not consistent: 72 - 0
GSE14901-GPL570,Supp is not available
GSE19475-GPL570,CEL file is corrupted
GSE3026-GPL8300,Supp is not available
GSE56916-GPL18588,Large RAW file
GSE24550-GPL11028,Large RAW file
GSE74095-GPL5188,CEL file is corrupted
GSE34171-GPL96,Large RAW file
GSE34171-GPL97,Large RAW file
GSE7849-GPL8300,Supp is not available
GSE1982-GPL8300,Supp is not available
GSE14352-GPL5188,RStudio is stopped
GSE4119-GPL96,Supp is not available
GSE27370-GPL5188,Large RAW file
GSE5086-GPL570,Supp is not available
GSE133868-GPL23126,Large RAW file
GSE24549-GPL5175,Large RAW file
GSE24549-GPL11028,Large RAW file
GSE5107-GPL96,Supp is not available
GSE282443-GPL6244,RAW is not available
GSE137218-GPL23126,Large RAW file
GSE83619-GPL17586,Large RAW file
GSE4554-GPL570,Supp is not available
GSE96-GPL91,Supp is not available
GSE75461-GPL17586,Large RAW file
GSE134359-GPL17586,Large RAW file
GSE12413-GPL1261,Sample size is not consistent: 86 - 84
GSE6532-GPL570,Large RAW file
GSE160119-GPL23126,Large RAW file
GSE224351-GPL24539,Large RAW file
GSE4459-GPL570,Supp is not available
GSE23087-GPL570,Large RAW file
GSE152073-GPL17586,Large RAW file
GSE63089-GPL5175,Large RAW file
GSE24550-GPL5175,Large RAW file
GSE21166-GPL5175,Large RAW file
GSE97-GPL32,Supp is not available
GSE34171-GPL570,Large RAW file
GSE21962-GPL5175,Large RAW file
GSE10609-GPL570,Sample size is not consistent: 92 - 91
GSE180708-GPL23126,Large RAW file
GSE71010-GPL5188,Large RAW file
GSE30285-GPL5175,Large RAW file
GSE29079-GPL5175,Large RAW file
GSE13344-GPL5175,Large RAW file
GSE13344-GPL5188,Large RAW file
GSE73360-GPL17586,Large RAW file
GSE2294-GPL96,Supp is not available
GSE6269-GPL96,CEL file is corrupted
GSE168466-GPL23126,Large RAW file
GSE1427-GPL96,Supp is not available
GSE1427-GPL97,Supp is not available
GSE86945-GPL17586,Large RAW file
GSE56409-GPL570,Supp is not available
GSE4779-GPL1352,Sample size is not consistent: 102 - 0
GSE3726-GPL96,Supp is not available
GSE2565-GPL339,Sample size is not consistent: 104 - 97
GSE6481-GPL96,Supp is not available
GSE5206-GPL570,RAW is not available
GSE74777-GPL17586,Large RAW file
GSE117090-GPL17586,Large RAW file
GSE14471-GPL96,CEL file is corrupted
GSE3141-GPL570,Supp is not available
GSE140939-GPL17586,Large RAW file
GSE76040-GPL17586,Large RAW file
GSE102088-GPL17586,Large RAW file
GSE37171-GPL570,Sample size is not consistent: 115 - 75
GSE11909-GPL96,Sample size is not consistent: 115 - 113
GSE178228-GPL17586,Large RAW file
GSE3446-GPL96,Supp is not available
GSE3446-GPL97,Supp is not available
GSE106977-GPL17586,Large RAW file
GSE8332-GPL570,Sample size is not consistent: 119 - 184
GSE219264-GPL17586,Large RAW file
GSE132050-GPL17586,Large RAW file
GSE412-GPL8300,Supp is not available
GSE190847-GPL23126,Large RAW file
GSE46517-GPL96,Sample size is not consistent: 121 - 100
GSE3629-GPL570,Supp is not available
GSE93291-GPL570,Sample size is not consistent: 123 - 122
GSE8650-GPL96,CEL file is corrupted
GSE8650-GPL97,CEL file is corrupted
GSE29044-GPL570,CEL file is corrupted
GSE3365-GPL96,Supp is not available
GSE5460-GPL570,RStudio is stopped
GSE4573-GPL96,Supp is not available
GSE171053-GPL17586,Large RAW file
GSE124305-GPL22995,Large RAW file
GSE128701-GPL22995,Large RAW file
GSE200879-GPL32170,Large RAW file
GSE754-GPL8300,Supp is not available
GSE8894-GPL570,Supp is not available
GSE99325-GPL19184,CEL file is corrupted
GSE3894-GPL201,Sample size is not consistent: 143 - 116
GSE8991-GPL96,Sample size is not consistent: 144 - 124
GSE8991-GPL97,Sample size is not consistent: 144 - 124
GSE152160-GPL17585,Large RAW file
GSE89399-GPL17586,Large RAW file
GSE3594-GPL81,Supp is not available
GSE120906-GPL17586,Large RAW file
GSE3149-GPL96,Supp is not available
GSE2350-GPL91,Sample size is not consistent: 154 - 111
GSE45827-GPL570,Sample size is not consistent: 155 - 178
GSE106584-GPL17586,Large RAW file
GSE3143-GPL8300,Supp is not available
GSE57387-GPL5175,Large RAW file
GSE201805-GPL5175,Large RAW file
GSE47860-GPL17279,Large RAW file
GSE27342-GPL5175,Large RAW file
GSE47861-GPL17279,Large RAW file
GSE83632-GPL5175,Large RAW file
GSE199063-GPL23126,Large RAW file
GSE279135-GPL17586,Large RAW file
GSE208338-GPL5188,Large RAW file
GSE11784-GPL570,Large RAW file
GSE23980-GPL570,CEL file is corrupted
GSE9372-GPL5175,Large RAW file
GSE1725-GPL8300,Supp is not available
GSE100600-GPL17585,RAW is not available
GSE30422-GPL5188,Large RAW file
GSE30453-GPL5175,Large RAW file
GSE755-GPL8300,Supp is not available
GSE96528-GPL17586,Large RAW file
GSE39754-GPL5175,Large RAW file
GSE9703-GPL5188,Large RAW file
GSE7761-GPL5175,Large RAW file
GSE7851-GPL5175,Large RAW file
GSE7792-GPL5175,Large RAW file
GSE112099-GPL17586,Large RAW file
GSE29682-GPL5188,Large RAW file
GSE62667-GPL5188,Large RAW file
GSE19090-GPL5188,Large RAW file
GSE41847-GPL16209,Large RAW file
GSE168442-GPL17586,Large RAW file
GSE77658-GPL570,Large RAW file
GSE21034-GPL5188,Large RAW file
GSE21034-GPL10264,Large RAW file
GSE14095-GPL570,Supp is not available
GSE2990-GPL96,Sample size is not consistent: 189 - 0
GSE123342-GPL17586,Large RAW file
GSE4115-GPL96,Supp is not available
GSE128204-GPL26292,Large RAW file
GSE208103-GPL23126,Large RAW file
GSE107400-GPL17585,Large RAW file
GSE23720-GPL570,Large RAW file
GSE76250-GPL17586,Large RAW file
GSE3593-GPL96,Supp is not available
GSE57933-GPL5188,Large RAW file
GSE141631-GPL17586,Large RAW file
GSE11318-GPL570,Large RAW file
GSE55248-GPL6193,Large RAW file
GSE97064-GPL17586,Large RAW file
GSE5406-GPL96,Supp is not available
GSE75315-GPL5175,Large RAW file
GSE79956-GPL5188,Large RAW file
GSE41848-GPL16209,Large RAW file
GSE131617-GPL5175,Large RAW file
GSE131617-GPL5188,Large RAW file
GSE114868-GPL17586,Large RAW file
GSE77968-GPL17586,Large RAW file
GSE78148-GPL17585,Large RAW file
GSE163209-GPL17586,Large RAW file
GSE76324-GPL570,Large RAW file
GSE149490-GPL17586,Large RAW file
GSE4611-GPL96,Sample size is not consistent: 218 - 216
GSE5258-GPL3921,Large RAW file
GSE64614-GPL570,Large RAW file
GSE11906-GPL570,Large RAW file
GSE209954-GPL5175,Large RAW file
GSE138064-GPL17586,Large RAW file
GSE8546-GPL8300,Sample size is not consistent: 229 - 220
GSE155933-GPL24047,Large RAW file
GSE155934-GPL28991,Large RAW file
GSE155959-GPL28993,Large RAW file
GSE63127-GPL570,Large RAW file
GSE22047-GPL570,Large RAW file
GSE34211-GPL570,Large RAW file
GSE62116-GPL5188,Large RAW file
GSE11908-GPL97,Sample size is not consistent: 235 - 201
GSE11908-GPL96,Sample size is not consistent: 236 - 211
GSE210272-GPL32540,Subscript out of bounds
GSE94767-GPL5175,Large RAW file
GSE232911-GPL17586,Large RAW file
GSE15695-GPL570,Large RAW file
GSE157009-GPL570,Supp is not available
GSE92708-GPL8300,CEL file is corrupted
GSE141623-GPL17586,Large RAW file
GSE128702-GPL22995,Large RAW file
GSE21349-GPL570,Large RAW file
GSE284772-GPL17586,Large RAW file
GSE79957-GPL5188,Large RAW file
GSE149436-GPL28460,Large RAW file
GSE121974-GPL17586,Large RAW file
GSE74681-GPL17586,Large RAW file
GSE9782-GPL96,RAW is not available
GSE9782-GPL97,RAW is not available
GSE119616-GPL5188,Large RAW file
GSE32030-GPL570,Large RAW file
GSE270823-GPL34649,Large RAW file
GSE276395-GPL23126,Large RAW file
GSE40231-GPL570,Large RAW file
GSE226993-GPL23126,Large RAW file
GSE159216-GPL17586,Large RAW file
GSE85047-GPL5175,Large RAW file
GSE85507-GPL6096,Large RAW file
GSE241101-GPL33696,Large RAW file
GSE163173-GPL23126,Large RAW file
GSE14333-GPL570,Large RAW file
GSE134347-GPL17586,Large RAW file
GSE192444-GPL13667,Subscript out of bounds
GSE153352-GPL5175,Large RAW file
GSE58211-GPL18761,Large RAW file
GSE76297-GPL17586,Large RAW file
GSE10358-GPL570,Sample size is not consistent: 304 - 300
GSE87304-GPL22995,Large RAW file
GSE30219-GPL570,Large RAW file
GSE40117-GPL13916,Large RAW file
GSE41846-GPL16209,Large RAW file
GSE114869-GPL17586,Large RAW file
GSE61804-GPL570,Large RAW file
GSE20685-GPL570,Large RAW file
GSE6532-GPL96,Large RAW file
GSE6532-GPL97,Large RAW file
GSE99573-GPL17586,Large RAW file
GSE5364-GPL96,Supp is not available
GSE5258-GPL96,Large RAW file
GSE50705-GPL570,Large RAW file
GSE3526-GPL570,Large RAW file
GSE1485-GPL201,Sample size is not consistent: 355 - 353
GSE195793-GPL5175,Large RAW file
GSE13070-GPL570,Sample size is not consistent: 364 - 324
GSE12526-GPL201,Sample size is not consistent: 388 - 385
GSE68468-GPL96,Large RAW file
GSE198269-GPL22995,Large RAW file
GSE7123-GPL96,Sample size is not consistent: 397 - 344
GSE108134-GPL570,Large RAW file
GSE36059-GPL570,RStudio is stopped
GSE4581-GPL570,Supp is not available
GSE88886-GPL17586,Large RAW file
GSE10846-GPL570,Large RAW file
GSE37642-GPL96,Large RAW file
GSE37642-GPL97,Large RAW file
GSE136337-GPL27143,Large RAW file
GSE54002-GPL570,Large RAW file
GSE201827-GPL570,Large RAW file
GSE149437-GPL28460,Large RAW file
GSE137680-GPL17586,Large RAW file
GSE137680-GPL17585,Large RAW file
GSE38467-GPL15648,Large RAW file
GSE29604-GPL570,Large RAW file
GSE158309-GPL96,Sample size is not consistent: 461 - 352
GSE115577-GPL17585,Large RAW file
GSE56034-GPL6244,Large RAW file
GSE186582-GPL570,Large RAW file
GSE133513-GPL570,Large RAW file
GSE56033-GPL6244,Large RAW file
GSE210271-GPL32540,Subscript out of bounds
GSE14468-GPL570,Large RAW file
GSE104235-GPL24047,Large RAW file
GSE6891-GPL570,Large RAW file
GSE157547-GPL5175,Large RAW file
GSE4204-GPL570,Supp is not available
GSE46691-GPL5188,Large RAW file
GSE108474-GPL570,Large RAW file
GSE61240-GPL570,Large RAW file
GSE99039-GPL570,Large RAW file
GSE24080-GPL570,Large RAW file
GSE2658-GPL570,Supp is not available
GSE28878-GPL9101,Large RAW file
GSE117468-GPL570,Subscript out of bounds
GSE68848-GPL570,Large RAW file
GSE89292-GPL570,Large RAW file
GSE39582-GPL570,Large RAW file
GSE37069-GPL570,Large RAW file
GSE81653-GPL16686,Large RAW file
GSE83503-GPL5175,Large RAW file
GSE71220-GPL11532,Large RAW file
GSE57083-GPL570,Large RAW file
GSE159289-GPL570,Large RAW file
GSE15907-GPL6246,Large RAW file
GSE87070-GPL570,Large RAW file
GSE78806-GPL570,Large RAW file
GSE45642-GPL17027,Large RAW file
GSE125216-GPL570,Large RAW file
GSE127208-GPL570,Large RAW file
GSE7307-GPL570,Large RAW file
GSE66499-GPL6244,Large RAW file
GSE102484-GPL570,Large RAW file
GSE19301-GPL96,Large RAW file
GSE16778-GPL201,Sample size is not consistent: 695 - 692
GSE83130-GPL3921,Large RAW file
GSE185047-GPL570,Large RAW file
GSE126595-GPL5175,Large RAW file
GSE127711-GPL570,Large RAW file
GSE118985-GPL570,Large RAW file
GSE60690-GPL5175,Large RAW file
GSE277334-GPL13667,Subscript out of bounds
GSE85217-GPL22286,Large RAW file
GSE119295-GPL22995,Large RAW file
GSE70353-GPL13667,Large RAW file
GSE68950-GPL3921,Large RAW file
GSE48433-GPL570,Large RAW file
GSE45878-GPL16977,Large RAW file
GSE36809-GPL570,Large RAW file
GSE136324-GPL27143,Large RAW file
GSE15061-GPL570,Large RAW file
GSE144826-GPL17692,Large RAW file
GSE49531-GPL5175,Large RAW file
GSE112293-GPL17692,Large RAW file
GSE88885-GPL17586,Large RAW file
GSE130991-GPL20265,Large RAW file
GSE36133-GPL15308,Large RAW file
GSE116975-GPL570,Large RAW file
GSE181114-GPL30456,Large RAW file
GSE84422-GPL96,Large RAW file
GSE84422-GPL97,Large RAW file
GSE276561-GPL570,Large RAW file
GSE31161-GPL570,Large RAW file
GSE26835-GPL571,Large RAW file
GSE169038-GPL5175,Large RAW file
GSE138914-GPL20932,Large RAW file
GSE98320-GPL15207,Large RAW file
GSE6306-GPL4557,Large RAW file
GSE88794-GPL11532,Large RAW file
GSE60862-GPL5175,Large RAW file
GSE60863-GPL5188,Large RAW file
GSE25219-GPL5175,Large RAW file
GSE25219-GPL5188,Large RAW file
GSE100833-GPL13158,Large RAW file
GSE207465-GPL32416,Large RAW file
GSE124203-GPL13667,Large RAW file
GSE88884-GPL17586,Large RAW file
GSE13159-GPL570,Large RAW file
GSE2109-GPL570,Large RAW file
GSE203024-GPL570,Large RAW file
GSE73072-GPL14604,Large RAW file
GSE275126-GPL13667,Large RAW file
